doi,openalex_type,bso_type
10.1111/1467-8330.00247,repository,not_found
10.1200/jco.19.02105,repository,closed
10.1007/978-3-030-26253-2,repository,closed
10.1056/nejmoa2028436,repository,not_found
10.1056/nejmoa1914510,repository,closed
10.1016/s1470-2045(19)30691-6,repository,closed
10.1053/j.gastro.2020.02.068,repository,closed
10.1016/s1470-2045(19)30856-3,repository,closed
10.1126/science.abd2161,repository,publisher;repository
10.1200/jco.20.01035,repository,closed
10.1128/mmbr.00061-19,repository,closed
10.1016/s0140-6736(20)30262-2,repository,closed
10.1200/jco.20.00793,repository,closed
10.1038/s41591-020-1008-z,repository,not_found
10.1016/s2213-8587(20)30129-7,repository,closed
10.1158/1078-0432.ccr-20-0394,repository,closed
10.1101/2020.03.22.002386,repository,publisher;repository
10.1016/s1474-4422(20)30078-8,repository,closed
10.1002/ijc.32723,repository,closed
10.1158/1078-0432.ccr-08-0869,repository,not_found
10.2307/j.ctv10vm29m.15,repository,not_found
10.1016/j.jbusres.2020.03.013,repository,not_found
10.15252/embj.2020107405,repository,not_found
10.1016/s0140-6736(20)31065-5,repository,closed
10.1016/j.actamat.2019.10.015,repository,not_found
10.1016/j.breast.2020.04.006,repository,not_found
10.1101/2020.02.19.956581,repository,not_found
10.1101/2020.04.12.20062679,repository,closed
10.1109/cvpr42600.2020.00618,repository,not_found
10.1002/cncr.32887,repository,closed
10.1002/mp.13678,repository,closed
10.1016/s1470-2045(19)30825-3,repository,closed
10.7326/m20-2428,repository,closed
10.1136/gutjnl-2019-320234,repository,closed
10.1038/s41591-020-0821-8,repository,closed
10.1038/s41590-020-0697-2,repository,closed
10.1101/2020.04.19.20068015,repository,publisher;repository
10.1101/2020.12.14.422555,repository,not_found
10.1038/s41586-020-1974-9,repository,closed
10.1126/sciimmunol.aax8756,repository,closed
10.1101/2020.03.27.20042820,repository,not_found
10.1101/2020.06.25.169946,repository,not_found
10.1101/2020.03.18.20038059,repository,publisher;repository
10.1016/j.actamat.2020.01.062,repository,not_found
10.1177/0194599820934376,repository,not_found
10.1002/14651858.cd013639.pub4,repository,not_found
10.1007/s00439-020-02120-y,repository,closed
10.1109/cvpr.2008.4587538,repository,not_found
10.1158/1078-0432.ccr-19-3014,repository,closed
10.1073/pnas.1917555117,repository,closed
10.1161/circulationaha.120.048925,repository,closed
10.1002/ange.201912451,repository,not_found
10.1037/tra0000798,repository,not_found
10.5281/zenodo.3878572,repository,not_found
10.1101/2020.04.13.20063784,repository,not_found
10.1002/14651858.cd005583.pub2,repository,not_found
10.1101/2020.04.20.20072413,repository,not_found
10.1021/jacs.0c06270,repository,closed
10.1038/s41576-020-0254-8,repository,closed
10.1111/nph.16095,repository,not_found
10.1016/s2352-3026(19)30207-8,repository,closed
10.1056/nejmc2001362,repository,closed
10.1158/1078-0432.ccr-19-2035,repository,closed
10.1101/2020.02.19.20025452,repository,publisher;repository
10.1101/2020.03.16.20037135,repository,not_found
10.1136/gutjnl-2019-318903,repository,not_found
10.1101/2020.04.11.20062372,repository,not_found
10.1101/2020.03.23.20040501,repository,not_found
10.1038/s41586-020-2138-7,repository,closed
10.1101/2020.06.21.20132449,repository,publisher;repository
10.1002/14651858.cd011535.pub3,repository,not_found
10.1158/2159-8290.cd-19-1265,repository,closed
10.1038/s41564-020-0674-4,repository,closed
10.1101/2020.03.11.20034363,repository,not_found
10.1101/2020.05.14.095414,repository,not_found
10.1101/2020.04.20.051219,repository,not_found
10.1109/cvpr42600.2020.00862,repository,not_found
10.1101/2020.06.10.20126532,repository,not_found
10.1007/s00330-020-06727-7,repository,not_found
10.1080/20008198.2020.1800245,repository,closed
10.1158/2159-8290.cd-19-0966,repository,closed
10.1002/adhm.201901794,repository,closed
10.1200/jco.19.02492,repository,closed
10.1093/pubmed/fdaa165,repository,publisher;repository
10.1038/s41423-020-0457-0,repository,closed
10.1109/cvpr42600.2020.00840,repository,not_found
10.1101/2020.08.03.20167791,repository,not_found
10.1073/pnas.1912199117,repository,closed
10.1101/2020.04.20.20061861,repository,not_found
10.1109/cvpr42600.2020.00362,repository,not_found
10.1038/s41586-020-2996-z,repository,closed
10.1002/hep.31459,repository,closed
10.2139/ssrn.3582749,repository,not_found
10.1177/0170840618819035,repository,closed
10.1158/1078-0432.ccr-19-3797,repository,publisher
10.1038/s41562-020-0910-1,repository,closed
10.1142/s0218202520500013,repository,not_found
10.1140/epjd/e2005-00201-y,repository,not_found
10.1038/s41594-020-0464-y,repository,closed
10.1021/acsnano.0c00629,repository,closed
10.3238/arztebl.2020.0625,repository,not_found
10.1002/14651858.cd001892.pub5,repository,not_found
10.1101/2020.04.21.20068858,repository,publisher;repository
10.1190/geo2019-0173.1,repository,not_found
10.1101/2020.04.03.023846,repository,publisher;repository
10.1101/2020.05.07.20073817,repository,not_found
10.1101/2020.05.29.20097097,repository,publisher;repository
10.3847/1538-3881/ab8a48,repository,publisher;repository
10.1126/sciimmunol.aax1036,repository,closed
10.1101/2020.04.11.036855,repository,publisher;repository
10.2139/ssrn.3590884,repository,not_found
10.1101/2020.08.24.20180851,repository,publisher;repository
10.1101/2020.10.01.20200659,repository,publisher;repository
10.1101/2020.12.13.422570,repository,not_found
10.1103/physrevb.101.155303,repository,not_found
10.1164/rccm.201908-1513oc,repository,not_found
10.3847/2041-8213/ab9595,repository,publisher;repository
10.1136/ijgc-2020-001231,repository,closed
10.1377/hlthaff.2019.00735,repository,closed
10.1002/anie.202003755,repository,closed
10.1039/d0pp90011g,repository,not_found
10.1097/pas.0000000000001441,repository,not_found
10.1177/2397198320903208,repository,closed
10.1002/anie.202002626,repository,not_found
10.3324/haematol.2019.233197,repository,closed
10.1212/wnl.0000000000010854,repository,closed
10.1101/2020.09.16.20195693,repository,publisher;repository
10.1101/2020.03.02.20026708,repository,not_found
10.1002/gps.5304,repository,closed
10.1099/jgv.0.001415,repository,closed
10.1101/2020.06.30.180687,repository,publisher;repository
10.1101/2020.07.30.20164970,repository,not_found
10.1145/3366423.3380136,repository,not_found
10.1002/ange.201914876,repository,not_found
10.1073/pnas.2013527117,repository,publisher;repository
10.1164/rccm.201906-1190pp,repository,not_found
10.1101/2020.09.01.277152,repository,not_found
10.1007/s00439-020-02126-6,repository,closed
10.1016/s1473-3099(20)30440-0,repository,not_found
10.1007/s10875-020-00803-9,repository,closed
10.1101/2020.07.12.20151068,repository,publisher;repository
10.1101/2020.08.20.258491,repository,not_found
10.32388/fxgqsb.2,repository,not_found
10.48550/arxiv.2010.13956,repository,not_found
10.1111/bph.14800,repository,closed
10.1016/j.renene.2019.10.006,repository,publisher;repository
10.1080/21645515.2019.1688035,repository,closed
10.1080/14737159.2020.1731306,repository,closed
10.1145/3377930.3390172,repository,not_found
10.3389/fpsyg.2020.01640,repository,closed
10.1021/acssuschemeng.0c04336,repository,not_found
10.1002/ange.202002518,repository,not_found
10.1111/cdev.13155,repository,not_found
10.1681/asn.2019080847,repository,publisher
10.1101/2020.04.16.044461,repository,not_found
10.21437/interspeech.2020-1333,repository,not_found
10.1002/rmv.2143,repository,closed
10.1101/2020.12.10.419432,repository,publisher;repository
10.1086/707764,repository,not_found
10.1002/acr.24090,repository,closed
10.1093/cercor/bhz334,repository,closed
10.1145/3313831.3376448,repository,not_found
10.1111/1365-2478.12893,repository,not_found
10.1111/tri.13586,repository,publisher;repository
10.1101/2020.04.30.20085670,repository,not_found
10.1021/acs.jcim.0c00745,repository,closed
10.3847/1538-4357/ab9a54,repository,publisher;repository
10.1088/1361-648x/ab5be8,repository,not_found
10.1101/2020.03.02.974139,repository,not_found
10.1200/jco.19.00396,repository,closed
10.1200/go.20.00376,repository,publisher;repository
10.1007/978-3-030-19420-8,repository,closed
10.1016/j.ceca.2019.102127,repository,closed
10.1016/j.physleta.2020.126266,repository,closed
10.1101/2020.03.09.984278,repository,not_found
10.2210/pdb6ws6/pdb,repository,not_found
10.1002/ange.201913200,repository,not_found
10.1515/crll.2005.2005.580.101,repository,not_found
10.1021/jacs.9b11207,repository,closed
10.1111/bph.14998,repository,closed
10.1002/ijc.33131,repository,closed
10.1101/2020.06.18.159111,repository,publisher;repository
10.1101/2020.07.22.213959,repository,not_found
10.1101/2020.08.14.248880,repository,not_found
10.1101/2020.09.17.300996,repository,publisher;repository
10.1093/geronb/gbz040,repository,closed
10.1016/j.jclepro.2019.119209,repository,closed
10.3847/1538-4357/ab6221,repository,not_found
10.1089/end.2019.0750,repository,closed
10.1016/b978-0-12-815134-1.00003-9,repository,closed
10.32388/fxgqsb,repository,not_found
10.3238/arztebl.2020.0389,repository,not_found
10.1161/circep.120.008798,repository,closed
10.1002/14651858.cd005583.pub3,repository,closed
10.1101/867739,repository,not_found
10.1681/asn.2019050534,repository,closed
10.1101/2020.03.31.017889,repository,not_found
10.1016/j.jhep.2020.06.034,repository,not_found
10.1101/2020.08.14.20174490,repository,not_found
10.2139/ssrn.3671674,repository,not_found
10.48550/arxiv.2010.10392,repository,not_found
10.1101/2020.11.10.20228528,repository,not_found
10.1101/2020.12.01.406389,repository,not_found
10.4103/jmau.jmau_63_20,repository,closed
10.1109/globecom42002.2020.9322234,repository,not_found
10.1007/978-3-030-13901-8,repository,closed
10.1080/00309230.2019.1604774,repository,not_found
10.1016/j.enconman.2019.112407,repository,closed
10.1101/2020.03.27.20045237,repository,not_found
10.1111/liv.14518,repository,closed
10.1101/2020.05.19.20101832,repository,publisher;repository
10.1109/cvpr42600.2020.00455,repository,not_found
10.1136/jnnp-2020-322987,repository,not_found
10.1109/msp.2020.3003836,repository,not_found
10.21203/rs.3.rs-70482/v1,repository,not_found
10.1101/532895,repository,not_found
10.2139/ssrn.3596670,repository,not_found
10.2139/ssrn.1997178,repository,not_found
10.1016/j.telpol.2020.101944,repository,not_found
10.1097/pcc.0000000000002160,repository,closed
10.1101/2020.01.13.903542,repository,not_found
10.1101/2020.02.24.20027326,repository,publisher;repository
10.1137/18m1169242,repository,not_found
10.1101/2020.05.04.20072447,repository,publisher;repository
10.1021/jacs.0c08732,repository,closed
10.1002/ange.202002387,repository,not_found
10.1137/17m1144854,repository,not_found
10.1002/ejoc.201901086,repository,closed
10.1111/bpa.12788,repository,closed
10.1158/1055-9965.epi-19-0653,repository,closed
10.1098/rspb.2019.2783,repository,closed
10.1002/anie.202000795,repository,not_found
10.1101/2020.04.07.029090,repository,not_found
10.1080/21541264.2020.1764312,repository,closed
10.1002/ange.202010859,repository,not_found
10.2139/ssrn.3737689,repository,not_found
10.2139/ssrn.3731856,repository,not_found
10.1002/ange.201913804,repository,not_found
10.1093/ej/ueaa003,repository,not_found
10.1109/jsyst.2019.2935458,repository,closed
10.1016/j.future.2019.11.013,repository,closed
10.1007/978-3-030-34163-3,repository,closed
10.1002/alz.12080,repository,closed
10.1101/2020.05.20.106575,repository,publisher;repository
10.3847/1538-4357/abdd3f,repository,not_found
10.1109/cvprw50498.2020.00229,repository,not_found
10.2139/ssrn.3581359,repository,not_found
10.1101/2020.12.29.424482,repository,not_found
10.2139/ssrn.3596671,repository,not_found
10.1002/ange.201914025,repository,not_found
10.1101/778944,repository,not_found
10.1007/s00234-020-02360-9,repository,closed
10.1128/jcm.01687-19,repository,closed
10.1063/1.5144277,repository,not_found
10.1002/adma.202000566,repository,closed
10.1101/2020.05.15.20103010,repository,not_found
10.1101/2020.06.07.138883,repository,not_found
10.1101/2020.06.12.130195,repository,not_found
10.1101/2020.07.09.196519,repository,not_found
10.21437/interspeech.2020-1835,repository,not_found
10.1098/rsos.201382,repository,publisher;repository
10.1117/12.2565812,repository,not_found
10.1002/anie.202006576,repository,not_found
10.1002/ange.201910180,repository,not_found
10.18727/0722-6691/5195,repository,not_found
10.1177/0271678x19883599,repository,closed
10.1128/jvi.01751-19,repository,closed
10.14309/ajg.0000000000000492,repository,closed
10.1101/2020.02.08.939314,repository,not_found
10.1093/cid/ciaa426,repository,publisher;repository
10.1101/2020.04.06.028688,repository,not_found
10.1101/2020.04.22.20074914,repository,not_found
10.2337/dc19-2348,repository,not_found
10.1053/j.ajkd.2020.01.009,repository,closed
10.1101/2020.05.01.20077743,repository,not_found
10.1109/wacv45572.2020.9093564,repository,not_found
10.1093/rheumatology/keaa217,repository,not_found
10.48550/arxiv.2006.03806,repository,not_found
10.1101/2020.07.14.20153536,repository,not_found
10.1109/mcom.001.1900742,repository,not_found
10.1063/5.0021849,repository,not_found
10.1101/2020.05.26.116020,repository,not_found
10.26356/sustainablefood,repository,not_found
10.2514/1.a34429,repository,not_found
10.1104/pp.19.00682,repository,closed
10.1097/pas.0000000000001414,repository,closed
10.1111/febs.15179,repository,closed
10.1158/1055-9965.epi-19-1212,repository,closed
10.1101/2020.02.11.944652,repository,not_found
10.1101/2020.02.14.20022939,repository,not_found
10.1152/ajpcell.00450.2019,repository,closed
10.1101/2020.04.16.021444,repository,not_found
10.1002/jcph.1616,repository,closed
10.1137/18m1233480,repository,not_found
10.1101/313759,repository,publisher;repository
10.23919/acc45564.2020.9147807,repository,not_found
10.1101/2020.08.09.242917,repository,not_found
10.1136/ebmental-2020-300158,repository,not_found
10.48550/arxiv.2009.05537,repository,not_found
10.1101/2020.10.14.339515,repository,not_found
10.1017/jfm.2020.264,repository,not_found
10.1101/2020.11.18.388819,repository,publisher;repository
10.18727/0722-6691/5197,repository,not_found
10.1101/2020.11.21.392639,repository,publisher;repository
10.1002/ange.201912902,repository,not_found
10.2308/accr-52442,repository,not_found
10.1016/j.lrp.2019.101891,repository,not_found
10.1111/bpa.12768,repository,closed
10.1137/1.9781611975994.107,repository,not_found
10.1137/1.9781611975994.117,repository,not_found
10.1101/2020.03.27.009480,repository,not_found
10.1101/2020.04.27.063578,repository,not_found
10.1101/2020.04.27.063586,repository,not_found
10.5664/jcsm.8752,repository,closed
10.1101/2020.12.29.424715,repository,not_found
10.2139/ssrn.3682021,repository,not_found
10.2139/ssrn.3586569,repository,not_found
10.2139/ssrn.3603847,repository,not_found
10.1002/ange.202002953,repository,not_found
10.1002/ange.202006267,repository,not_found
10.1002/ange.201912883,repository,not_found
10.1016/j.ejmg.2019.103703,repository,closed
10.1007/978-3-030-26913-5,repository,closed
10.1002/ijc.32727,repository,closed
10.1016/j.matbio.2019.11.003,repository,closed
10.1101/2020.02.20.20025999,repository,not_found
10.23919/acc45564.2020.9147284,repository,not_found
10.1128/aac.00291-20,repository,closed
10.1101/2020.04.13.20059691,repository,not_found
10.1101/2020.05.11.088948,repository,publisher;repository
10.1101/2020.06.03.20119925,repository,not_found
10.1109/jiot.2020.3002330,repository,closed
10.1101/2020.06.16.151704,repository,not_found
10.1016/j.jeurceramsoc.2020.06.035,repository,not_found
10.5194/gmd-2019-136,repository,not_found
10.1016/j.porgcoat.2020.105854,repository,closed
10.1016/j.ijfatigue.2020.105769,repository,publisher;repository
10.1063/5.0021237,repository,not_found
10.7189/jogh.10.020422,repository,closed
10.1145/3422822,repository,not_found
10.1101/525709,repository,publisher;repository
10.3171/2019.2.jns182743,repository,not_found
10.1098/rstb.2019.0681,repository,not_found
10.1101/2020.04.23.20075796,repository,not_found
10.1101/2020.05.12.20098236,repository,publisher;repository
10.1101/2020.05.22.110122,repository,publisher;repository
10.1016/j.jhazmat.2020.123026,repository,closed
10.1039/d0dt01527j,repository,closed
10.1101/2020.07.14.202028,repository,not_found
10.1101/2020.07.24.20159947,repository,not_found
10.2139/ssrn.3541361,repository,not_found
10.1101/2020.08.10.241414,repository,not_found
10.21203/rs.3.rs-33958/v1,repository,not_found
10.21437/interspeech.2020-3084,repository,not_found
10.1111/ene.14474,repository,closed
10.1101/2020.10.20.20213116,repository,publisher;repository
10.1101/2020.11.03.20225359,repository,publisher;repository
10.1101/2020.06.12.147660,repository,publisher;repository
10.1101/263186,repository,publisher;repository
10.3390/nano10112285,repository,publisher;repository
10.1101/2020.11.17.385252,repository,not_found
10.1101/2020.12.16.20247684,repository,not_found
10.2139/ssrn.3557360,repository,not_found
10.20944/preprints202002.0365.v1,repository,not_found
10.14778/3436905.3436917,repository,not_found
10.1002/ange.202010846,repository,not_found
10.1007/978-3-319-96131-6,repository,closed
10.1101/2020.03.22.20040915,repository,not_found
10.3171/2019.4.jns19347,repository,not_found
10.1145/3364181,repository,not_found
10.1017/beq.2019.25,repository,not_found
10.1136/jnnp-2019-321737,repository,not_found
10.1111/jgs.16282,repository,closed
10.1177/1591019919895676,repository,closed
10.1101/2020.01.08.899682,repository,publisher;repository
10.1121/10.0000812,repository,closed
10.1016/j.lithos.2020.105516,repository,closed
10.1101/2020.04.13.039172,repository,not_found
10.1101/2020.04.17.046672,repository,not_found
10.1101/2020.04.20.20072942,repository,not_found
10.1101/2020.05.14.095901,repository,not_found
10.1136/heartjnl-2020-316540,repository,closed
10.1007/978-3-030-42307-0,repository,not_found
10.1109/cvpr42600.2020.00018,repository,not_found
10.1158/1078-0432.ccr-20-0704,repository,publisher
10.1002/chem.202002401,repository,closed
10.1101/2020.06.30.180448,repository,not_found
10.1111/liv.14603,repository,closed
10.31233/osf.io/7pa5c,repository,not_found
10.1101/2020.08.13.249847,repository,not_found
10.1073/pnas.2005600117,repository,closed
10.2217/epi-2020-0236,repository,closed
10.1101/2020.11.07.20227728,repository,not_found
10.1109/focs46700.2020.00061,repository,not_found
10.1109/3dv50981.2020.00022,repository,not_found
10.1002/ange.201913135,repository,not_found
10.1002/ange.202001733,repository,not_found
10.2307/j.ctv15r57cw,repository,not_found
10.1007/s003390201405,repository,not_found
10.4230/lipics.icdt.2019.19,repository,not_found
10.1080/01621459.2019.1585252,repository,not_found
10.1128/jvi.01733-19,repository,closed
10.1111/bjir.12504,repository,not_found
10.1016/j.micromeso.2019.109966,repository,not_found
10.1101/2020.01.20.910539,repository,not_found
10.1007/978-3-030-36915-6,repository,closed
10.1039/c9dt04890a,repository,closed
10.1101/2020.03.05.976878,repository,publisher;repository
10.1101/2020.03.19.998898,repository,not_found
10.1101/2020.04.07.20045617,repository,not_found
10.1101/2020.04.07.029264,repository,not_found
10.1016/j.ress.2020.107007,repository,closed
10.1093/jas/skaa161,repository,closed
10.1101/2020.05.18.100545,repository,not_found
10.1101/2020.06.24.20138875,repository,not_found
10.1101/2020.05.04.20090902,repository,not_found
10.1016/j.envres.2020.109944,repository,closed
10.1021/acs.orglett.0c02193,repository,closed
10.1101/2020.08.06.239558,repository,not_found
10.1145/3386569.3392451,repository,not_found
10.1101/2020.09.04.283085,repository,not_found
10.1101/2020.09.07.286500,repository,publisher;repository
10.1089/3dp.2020.0175,repository,closed
10.21437/interspeech.2020-1186,repository,not_found
10.1101/2020.11.12.20230508,repository,not_found
10.1101/2020.11.30.404905,repository,publisher;repository
10.1101/2020.12.17.423041,repository,publisher;repository
10.1007/978-3-030-43830-2,repository,closed
10.5194/acp-2019-1202,repository,publisher;repository
10.1002/ange.202006088,repository,not_found
10.1002/ange.202008408,repository,not_found
10.18653/v1/p17,repository,not_found
10.1101/513119,repository,publisher;repository
10.1101/694364,repository,not_found
10.1101/2020.01.14.905794,repository,not_found
10.1137/1.9781611975994.138,repository,not_found
10.1039/d0cc00869a,repository,closed
10.1016/j.neuropharm.2020.108029,repository,closed
10.4337/9781788114523.00023,repository,not_found
10.1101/2020.03.26.20042184,repository,not_found
10.1558/jch.39395,repository,not_found
10.1101/2020.04.04.20047886,repository,not_found
10.3171/2020.1.peds19487,repository,not_found
10.1093/eurheartj/ehz405,publisher;repository,not_found
10.1056/nejmoa2005412,publisher;repository,not_found
10.15585/mmwr.mm6924e2,publisher;repository,not_found
10.1161/circulationaha.120.048360,publisher;repository,publisher
10.1056/nejmoa2019014,publisher;repository,not_found
10.1056/nejmoa1914347,publisher;repository,publisher
10.15585/mmwr.mm6925a1,publisher;repository,not_found
10.1038/s41467-020-17670-y,publisher;repository,publisher
10.1056/nejmoa2002788,publisher;repository,publisher
10.1016/j.cell.2020.03.046,publisher;repository,publisher
10.1016/j.neuroimage.2019.116189,publisher;repository,publisher
10.1016/j.cgh.2020.04.001,publisher;repository,repository
10.1007/s10479-020-03685-7,publisher;repository,publisher
10.1038/s41577-020-00451-5,publisher;repository,publisher
10.1016/j.ctrv.2020.102017,publisher;repository,publisher
10.15585/mmwr.mm6940e1,publisher;repository,not_found
10.15585/mmwr.mm6918e1,publisher;repository,not_found
10.1016/j.jpubeco.2020.104316,publisher;repository,repository
10.1093/cid/ciaa1125,publisher;repository,publisher
10.1056/nejmoa1910355,publisher;repository,publisher
10.1016/j.ymthe.2019.12.010,publisher;repository,publisher
10.1136/esmoopen-2020-001079,publisher;repository,publisher
10.1128/microbiolspec,publisher;repository,not_found
10.1056/nejmoa1916431,publisher;repository,publisher
10.1172/jci141113,publisher;repository,not_found
10.1182/blood.2020008423,publisher;repository,publisher
10.1080/15548627.2020.1714209,publisher;repository,publisher
10.1016/j.immuni.2020.02.015,publisher;repository,publisher
10.1001/jamaoncol.2020.0726,publisher;repository,publisher
10.1016/j.ejvs.2019.09.006,publisher;repository,not_found
10.1182/blood.2020006844,publisher;repository,publisher
10.1038/s41467-020-17773-6,publisher;repository,publisher
10.1001/jamainternmed.2019.5942,publisher;repository,publisher
10.15585/mmwr.mm6931e1,publisher;repository,not_found
10.1111/jth.15016,publisher;repository,publisher
10.1016/j.cell.2020.03.021,publisher;repository,publisher
10.1116/6.0000377,publisher;repository,publisher
10.15585/mmwr.mm6949e2,publisher;repository,not_found
10.1016/j.jhep.2019.11.003,publisher;repository,not_found
10.1126/science.aax3338,publisher;repository,publisher
10.1182/bloodadvances.2020003001,publisher;repository,publisher
10.1111/tpj.14578,publisher;repository,publisher
10.1016/j.jmrt.2020.01.002,publisher;repository,not_found
10.1055/a-1140-3017,publisher;repository,publisher
10.1111/cas.14532,publisher;repository,publisher
10.1002/adfm.201909125,publisher;repository,publisher
10.2196/16504,publisher;repository,publisher
10.15585/mmwr.mm6939e2,publisher;repository,not_found
10.1016/j.cmet.2020.02.003,publisher;repository,publisher
10.1093/ptep/ptaa008,publisher;repository,not_found
10.1111/all.14122,publisher;repository,publisher
10.12688/wellcomeopenres.16006.1,publisher;repository,not_found
10.1016/j.stem.2020.01.017,publisher;repository,publisher
10.1016/j.molcel.2019.12.015,publisher;repository,publisher
10.1145/3351095.3372879,publisher;repository,not_found
10.15585/mmwr.mm6927a3,publisher;repository,not_found
10.1093/cid/ciz1243,publisher;repository,publisher
10.1093/brain/awaa156,publisher;repository,publisher
10.1016/j.ijplas.2019.08.009,publisher;repository,publisher
10.1001/jama.2020.16909,publisher;repository,publisher
10.15585/mmwr.mm6945e2,publisher;repository,not_found
10.1093/biosci/biaa041,publisher;repository,publisher
10.1126/sciadv.abb4540,publisher;repository,publisher
10.15585/mmwr.mm6942a3,publisher;repository,not_found
10.1186/s40168-020-00827-8,publisher;repository,not_found
10.1200/jco.19.03054,publisher;repository,publisher
10.1200/jco.20.00201,publisher;repository,publisher
10.1016/j.jaad.2020.05.145,publisher;repository,repository
10.1016/j.biotechadv.2019.107463,publisher;repository,publisher
10.1016/j.thromres.2020.05.025,publisher;repository,repository
10.1080/2162402x.2020.1777624,publisher;repository,publisher
10.4088/jcp.20com13370,publisher;repository,publisher
10.1093/ejcts/ezz296,publisher;repository,not_found
10.1016/j.ajog.2020.07.045,publisher;repository,publisher
10.1016/j.matt.2019.11.001,publisher;repository,publisher
10.1096/fj.1530-6860,publisher;repository,not_found
10.1109/access.2020.2981430,publisher;repository,publisher
10.1136/ebmental-2019-300129,publisher;repository,publisher
10.1007/s41885-020-00066-z,publisher;repository,not_found
10.1016/j.cell.2020.01.033,publisher;repository,publisher
10.1001/jama.2019.22525,publisher;repository,publisher
10.1097/ta.0000000000002727,publisher;repository,publisher
10.1080/1547691x.2020.1804492,publisher;repository,publisher
10.1523/jneurosci.1871-19.2019,publisher;repository,not_found
10.1016/j.trac.2020.115883,publisher;repository,publisher
10.2196/19787,publisher;repository,publisher
10.1016/j.gsf.2018.10.010,publisher;repository,publisher
10.1161/circulationaha.119.043971,publisher;repository,publisher
10.1016/j.jtho.2020.01.016,publisher;repository,publisher
10.1038/s43018-020-00122-3,publisher;repository,publisher
10.1016/j.cofs.2020.01.009,publisher;repository,publisher
10.1016/j.puhe.2020.08.026,publisher;repository,repository
10.1016/j.medj.2020.12.001,publisher;repository,publisher
10.1200/jco.20.01661,publisher;repository,publisher
10.1016/j.devcel.2020.06.009,publisher;repository,publisher
10.1038/s41598-020-69920-0,publisher;repository,publisher
10.3389/fpsyt.2020.00824,publisher;repository,publisher
10.1161/circulationaha.120.049210,publisher;repository,publisher
10.1039/c9tb02767j,publisher;repository,publisher
10.1001/jamaoncol.2020.2218,publisher;repository,publisher
10.1002/batt.201900135,publisher;repository,publisher
10.1136/gutjnl-2019-319637,publisher;repository,publisher
10.1021/acs.jpcb.0c06288,publisher;repository,publisher
10.1016/j.chom.2020.01.028,publisher;repository,publisher
10.1016/j.ccell.2020.04.004,publisher;repository,publisher
10.1053/j.gastro.2019.10.018,publisher;repository,publisher
10.1039/d0na00100g,publisher;repository,publisher
10.15585/mmwr.mm6939e4,publisher;repository,not_found
10.1183/16000617.0052-2019,publisher;repository,publisher
10.1016/j.ibmb.2017.01.005,publisher;repository,publisher
10.1172/jci135460,publisher;repository,publisher
10.1093/gji/ggaa253,publisher;repository,publisher
10.1080/02786826.2019.1676878,publisher;repository,publisher
10.1016/j.diii.2020.04.003,publisher;repository,repository
10.1016/s2468-1253(20)30183-7,publisher;repository,repository
10.1007/s00134-020-06219-8,publisher;repository,publisher
10.1609/aaai.v34i07.6964,publisher;repository,not_found
10.1016/s2213-2600(20)30170-3,publisher;repository,repository
10.1016/j.drup.2020.100704,publisher;repository,publisher
10.1016/j.pharmthera.2020.107627,publisher;repository,repository
10.1158/1078-0432.ccr-19-2109,publisher;repository,publisher
10.2147/ijn.s255784,publisher;repository,publisher
10.1016/j.jaci.2019.07.004,publisher;repository,not_found
10.1136/gutjnl-2019-319514,publisher;repository,publisher
10.1016/j.jacc.2020.05.045,publisher;repository,publisher
10.3390/su12062193,publisher;repository,not_found
10.1145/3414685.3417803,publisher;repository,not_found
10.1016/j.joule.2019.11.014,publisher;repository,publisher
10.1182/blood.2019000928,publisher;repository,publisher
10.1016/j.ejmech.2020.112290,publisher;repository,publisher
10.1016/j.jppr.2020.10.002,publisher;repository,publisher
10.1017/s1751731119002775,publisher;repository,publisher
10.1136/heartjnl-2019-315481,publisher;repository,publisher
10.1161/atvbaha.119.313046,publisher;repository,publisher
10.16997/jdd.141,publisher;repository,not_found
10.1016/s2468-1253(20)30151-5,publisher;repository,repository
10.3389/fbioe.2020.00776,publisher;repository,not_found
10.1016/j.accpm.2020.01.005,publisher;repository,publisher
10.1073/pnas.1922563117,publisher;repository,publisher
10.5501/wjv.v9.i5.79,publisher;repository,publisher
10.1007/s10120-019-00983-3,publisher;repository,publisher
10.1002/admt.201900662,publisher;repository,publisher
10.1001/jamasurg.2020.0089,publisher;repository,publisher
10.3386/w27264,publisher;repository,not_found
10.1016/j.envint.2020.105927,publisher;repository,publisher
10.1002/cey2.73,publisher;repository,publisher
10.1136/annrheumdis-2020-217362,publisher;repository,publisher
10.1016/j.energy.2020.117905,publisher;repository,publisher
10.1038/s41396-020-0678-3,publisher;repository,publisher
10.1016/j.jgo.2020.07.008,publisher;repository,repository
10.15585/mmwr.mm6932e1,publisher;repository,not_found
10.1016/j.ijengsci.2020.103213,publisher;repository,publisher
10.1016/j.comnet.2020.107348,publisher;repository,publisher
10.1016/j.immuni.2020.07.010,publisher;repository,publisher
10.3389/fnut.2020.576133,publisher;repository,publisher
10.1016/j.hrthm.2019.03.014,publisher;repository,not_found
10.1002/ejhf.1750,publisher;repository,publisher
10.1016/j.cell.2020.02.029,publisher;repository,publisher
10.1002/ijc.32220,publisher;repository,publisher
10.5194/essd-12-3573-2020,publisher;repository,not_found
10.1107/s1600577520009960,publisher;repository,publisher
10.1016/j.jhazmat.2019.121839,publisher;repository,publisher
10.1001/jama.2020.2477,publisher;repository,publisher
10.1016/j.compeleceng.2020.106646,publisher;repository,publisher
10.1016/j.chom.2020.09.012,publisher;repository,publisher
10.1111/bph.14987,publisher;repository,publisher
10.1016/j.jip.2020.107348,publisher;repository,publisher
10.1159/000507840,publisher;repository,publisher
10.1016/j.jhepr.2020.100170,publisher;repository,publisher
10.3389/fimmu.2020.585616,publisher;repository,publisher
10.3847/1538-4365/ab9f2e,publisher;repository,not_found
10.1136/neurintsurg-2019-015237,publisher;repository,publisher
10.1161/atvbaha.119.313129,publisher;repository,publisher
10.1016/s2352-3026(20)30205-2,publisher;repository,repository
10.1016/j.ijpe.2020.107886,publisher;repository,repository
10.1093/jxb/erz474,publisher;repository,publisher
10.1016/j.rse.2019.111502,publisher;repository,publisher
10.1016/j.ensm.2019.11.015,publisher;repository,publisher
10.1007/s00228-019-02810-1,publisher;repository,publisher
10.1111/nph.16724,publisher;repository,publisher
10.15585/mmwr.mm6927e1,publisher;repository,not_found
10.1017/dsj.2020.15,publisher;repository,publisher
10.1182/blood.2020005221,publisher;repository,publisher
10.1038/s41467-020-19941-0,publisher;repository,publisher
10.1111/een.12792,publisher;repository,publisher
10.1212/wnl.0000000000008746,publisher;repository,not_found
10.1111/ajt.15852,publisher;repository,publisher
10.1056/nejmoa1913808,publisher;repository,closed
10.1016/j.reactfunctpolym.2020.104599,publisher;repository,publisher
10.1073/pnas.1914536117,publisher;repository,publisher
10.1186/s13100-020-00223-x,publisher;repository,publisher
10.1002/humu.24107,publisher;repository,publisher
10.1016/j.biotechadv.2019.107461,publisher;repository,publisher
10.1172/jci.insight.133501,publisher;repository,not_found
10.1162/coli_a_00379,publisher;repository,not_found
10.1080/22221751.2020.1785336,publisher;repository,publisher
10.1016/j.ijtb.2020.07.004,publisher;repository,not_found
10.1109/access.2019.2960873,publisher;repository,publisher
10.1016/j.molp.2019.12.011,publisher;repository,publisher
10.1016/j.compositesb.2020.107866,publisher;repository,publisher
10.1016/j.tifs.2020.02.006,publisher;repository,publisher
10.1109/sp40000.2020.00009,publisher;repository,not_found
10.1161/strokeaha.119.027544,publisher;repository,repository
10.3389/fnins.2020.585432,publisher;repository,publisher
10.1016/j.ijhydene.2020.01.067,publisher;repository,publisher
10.1098/rspb.2019.2182,publisher;repository,publisher
10.1016/j.celrep.2020.107567,publisher;repository,publisher
10.1016/j.rse.2020.112052,publisher;repository,publisher
10.1200/jco.19.02778,publisher;repository,publisher
10.1149/1945-7111/ab7c38,publisher;repository,publisher
10.1016/j.scitotenv.2020.137800,publisher;repository,publisher
10.3174/ajnr.a6654,publisher;repository,not_found
10.1007/s42399-020-00417-7,publisher;repository,publisher
10.1016/j.jcv.2020.104569,publisher;repository,repository
10.1089/hum.2020.217,publisher;repository,publisher
10.1016/j.est.2020.101806,publisher;repository,repository
10.1186/s10194-020-01204-4,publisher;repository,publisher
10.3171/2019.11.focus19769,publisher;repository,publisher
10.1038/s41598-020-61180-2,publisher;repository,not_found
10.1002/jbmr.4012,publisher;repository,publisher
10.1001/jamaneurol.2020.0326,publisher;repository,publisher
10.1098/rstb.2019.0641,publisher;repository,publisher
10.1093/cid/ciaa677,publisher;repository,publisher
10.1093/brain/awaa188,publisher;repository,publisher
10.1097/tp.0000000000003372,publisher;repository,publisher
10.1186/s13024-020-00408-1,publisher;repository,publisher
10.1038/s41597-020-00757-y,publisher;repository,publisher
10.1016/j.jbusres.2018.12.009,publisher;repository,publisher
10.1016/j.jgar.2019.10.001,publisher;repository,publisher
10.1016/j.molcel.2019.10.029,publisher;repository,publisher
10.1016/s2213-2600(20)30223-x,publisher;repository,repository
10.1016/j.dss.2020.113325,publisher;repository,publisher
10.1073/pnas.2002707117,publisher;repository,publisher
10.1016/j.corsci.2020.108840,publisher;repository,publisher
10.1056/nejmc1917344,publisher;repository,publisher
10.1016/j.jaccao.2020.08.007,publisher;repository,publisher
10.1016/j.jhydrol.2019.124254,publisher;repository,publisher
10.1152/ajpcell.00378.2019,publisher;repository,publisher
10.1002/anie.202002527,publisher;repository,not_found
10.1109/sp40000.2020.00093,publisher;repository,not_found
10.1002/ange.202000940,publisher;repository,not_found
10.1158/1078-0432.ccr-19-0287,publisher;repository,publisher
10.1088/1361-6595/ab6880,publisher;repository,publisher
10.1051/0004-6361/201937339,publisher;repository,not_found
10.1039/d0sc00836b,publisher;repository,publisher
10.1038/s42256-020-0181-6,publisher;repository,publisher
10.1007/s00134-020-06120-4,publisher;repository,publisher
10.1136/jitc-2020-000645,publisher;repository,publisher
10.3390/min10090728,publisher;repository,publisher
10.3390/data5040089,publisher;repository,publisher
10.1016/j.jgar.2019.08.018,publisher;repository,publisher
10.1111/2041-210x.13306,publisher;repository,publisher
10.1016/j.jvolgeores.2019.106703,publisher;repository,publisher
10.26599/tst.2019.9010014,publisher;repository,publisher
10.1523/jneurosci.2434-19.2020,publisher;repository,not_found
10.1016/j.chemosphere.2020.126196,publisher;repository,publisher
10.1111/gcb.15059,publisher;repository,closed
10.1016/j.molcel.2020.02.028,publisher;repository,publisher
10.1007/s11661-020-05772-7,publisher;repository,publisher
10.1093/ejcts/ezaa158,publisher;repository,publisher
10.1016/j.cell.2020.05.026,publisher;repository,publisher
10.1016/j.chemosphere.2020.127344,publisher;repository,publisher
10.1016/j.jinf.2020.07.028,publisher;repository,repository
10.1016/j.clon.2020.07.020,publisher;repository,repository
10.1016/j.celrep.2020.108038,publisher;repository,publisher
10.1016/j.egyr.2020.09.022,publisher;repository,publisher
10.1186/s13054-021-03517-5,publisher;repository,publisher
10.1016/j.hrthm.2019.02.034,publisher;repository,publisher
10.1111/jth.14633,publisher;repository,publisher
10.1016/j.socscimed.2020.113086,publisher;repository,publisher
10.3389/fcimb.2020.00403,publisher;repository,not_found
10.1093/ajcn/nqaa246,publisher;repository,publisher
10.3390/polym12102227,publisher;repository,not_found
10.1136/bjsports-2019-100608,publisher;repository,not_found
10.1016/j.scitotenv.2019.135460,publisher;repository,publisher
10.1016/j.techfore.2020.119956,publisher;repository,publisher
10.1016/j.compstruct.2020.112127,publisher;repository,publisher
10.1016/j.devcel.2020.04.008,publisher;repository,publisher
10.1016/j.conb.2020.04.003,publisher;repository,publisher
10.15585/mmwr.mm6932e5,publisher;repository,not_found
10.1038/s41427-020-00262-z,publisher;repository,not_found
10.1136/gutjnl-2018-316975,publisher;repository,publisher
10.1364/oe.382650,publisher;repository,publisher
10.3324/haematol.2019.218545,publisher;repository,not_found
10.1007/s10340-020-01200-2,publisher;repository,publisher
10.1016/j.molcel.2020.01.001,publisher;repository,publisher
10.33590/emj/200324,publisher;repository,not_found
10.1176/appi.ajp.2019.19060666,publisher;repository,not_found
10.3390/rs12091422,publisher;repository,not_found
10.1007/s10479-020-03695-5,publisher;repository,publisher
10.1016/j.mam.2019.11.002,publisher;repository,publisher
10.1111/ajt.15805,publisher;repository,not_found
10.3390/ma13051117,publisher;repository,not_found
10.1016/j.apenergy.2020.114516,publisher;repository,publisher
10.1002/joa3.12338,publisher;repository,not_found
10.1057/s41599-020-0492-6,publisher;repository,publisher
10.3389/fmed.2020.00342,publisher;repository,publisher
10.1016/j.compfluid.2020.104722,publisher;repository,publisher
10.1038/s41467-020-18466-w,publisher;repository,publisher
10.1515/9783110557596,publisher;repository,not_found
10.1038/s41436-019-0698-4,publisher;repository,publisher
10.1523/jneurosci.1650-18.2019,publisher;repository,not_found
10.1016/j.bbmt.2020.01.027,publisher;repository,publisher
10.1093/ajh/hpz193,publisher;repository,publisher
10.3847/1538-4357/ab339f,publisher;repository,publisher
10.1016/j.ssci.2020.104814,publisher;repository,publisher
10.1186/s13195-020-00669-4,publisher;repository,publisher
10.1016/j.ejca.2020.09.008,publisher;repository,publisher
10.1017/s1751731119002544,publisher;repository,publisher
10.1002/lno.11388,publisher;repository,publisher
10.1016/j.geodrs.2020.e00255,publisher;repository,publisher
10.1111/ajt.15798,publisher;repository,publisher
10.1037/rev0000186,publisher;repository,not_found
10.1016/j.ijbiomac.2020.05.199,publisher;repository,publisher
10.1016/j.tre.2020.101972,publisher;repository,publisher
10.1002/jcsm.12587,publisher;repository,publisher
10.1016/j.diii.2020.05.009,publisher;repository,publisher
10.1145/3351095.3372853,publisher;repository,not_found
10.1186/s13049-020-00813-x,publisher;repository,publisher
10.1089/tmj.2018.0316,publisher;repository,publisher
10.1159/000503147,publisher;repository,publisher
10.1007/s11127-019-00715-2,publisher;repository,publisher
10.1093/cvr/cvz250,publisher;repository,publisher
10.1016/j.optlastec.2019.105968,publisher;repository,publisher
10.1016/j.gsf.2019.11.006,publisher;repository,publisher
10.1002/ejoc.201901718,publisher;repository,publisher
10.1016/s1872-2067(19)63404-2,publisher;repository,publisher
10.1162/coli_a_00380,publisher;repository,not_found
10.1016/j.scitotenv.2020.138618,publisher;repository,publisher
10.1002/jimd.12245,publisher;repository,publisher
10.1016/j.neurol.2020.04.014,publisher;repository,repository
10.1007/s00417-020-04771-z,publisher;repository,publisher
10.1016/j.conbuildmat.2020.120095,publisher;repository,publisher
10.3389/fsufs.2020.00109,publisher;repository,publisher
10.3389/fimmu.2020.01630,publisher;repository,publisher
10.3389/fimmu.2020.01740,publisher;repository,publisher
10.3389/fmech.2020.00070,publisher;repository,publisher
10.1002/ctm2.221,publisher;repository,publisher
10.1016/j.ijrobp.2020.05.012,publisher;repository,not_found
10.1210/clinem/dgz069,publisher;repository,publisher
10.1007/s00535-019-01644-z,publisher;repository,not_found
10.5194/wes-5-1225-2020,publisher;repository,not_found
10.1016/j.autrev.2020.102468,publisher;repository,publisher
10.20870/oeno-one.2020.54.1.2458,publisher;repository,publisher
10.1016/j.seppur.2020.116964,publisher;repository,publisher
10.1038/s41386-020-0714-z,publisher;repository,publisher
10.1111/nph.16746,publisher;repository,publisher
10.1515/nanoph-2019-0570,publisher;repository,publisher
10.1007/978-3-030-33157-3_14,publisher;repository,publisher
10.1182/bloodadvances.2020001582,publisher;repository,publisher
10.1093/ehjci/jeaa149,publisher;repository,not_found
10.1183/13993003.03054-2020,publisher;repository,publisher
10.1016/j.cgh.2020.12.005,publisher;repository,publisher
10.1136/sextrans-2019-053972,publisher;repository,not_found
10.5194/acp-20-4757-2020,publisher;repository,not_found
10.1161/strokeaha.119.027703,publisher;repository,publisher
10.1137/1.9781611975994.9,publisher;repository,not_found
10.1161/strokeaha.119.028231,publisher;repository,publisher
10.1016/j.wasman.2020.03.028,publisher;repository,publisher
10.1038/s41379-020-0542-z,publisher;repository,publisher
10.1016/j.jcin.2020.02.042,publisher;repository,publisher
10.1001/jamadermatol.2020.1602,publisher;repository,publisher
10.18653/v1/2020.iwpt-1.16,publisher;repository,not_found
10.1016/j.ecolecon.2020.106783,publisher;repository,publisher
10.1016/j.foodres.2020.109731,publisher;repository,publisher
10.1182/bloodadvances.2020002337,publisher;repository,publisher
10.1016/j.chemosphere.2019.125019,publisher;repository,publisher
10.1007/s11367-019-01696-6,publisher;repository,publisher
10.1523/jneurosci.2092-19.2019,publisher;repository,not_found
10.1017/s0029665120000014,publisher;repository,publisher
10.1016/j.jaci.2020.01.045,publisher;repository,publisher
10.1530/erc-19-0435,publisher;repository,publisher
10.1634/theoncologist.2019-0646,publisher;repository,publisher
10.1111/nph.16723,publisher;repository,publisher
10.3174/ajnr.a6582,publisher;repository,publisher
10.1093/clinchem/hvaa121,publisher;repository,publisher
10.1172/jci134778,publisher;repository,publisher
10.1039/d0py00770f,publisher;repository,publisher
10.1177/2331216520948390,publisher;repository,publisher
10.1161/strokeaha.120.029494,publisher;repository,publisher
10.1111/os.12788,publisher;repository,publisher
10.2147/idr.s269033,publisher;repository,publisher
10.18653/v1/2020.emnlp-main.361,publisher;repository,not_found
10.1007/s00395-020-00838-4,publisher;repository,publisher
10.18653/v1/2020.coling-main.525,publisher;repository,not_found
10.1093/bioinformatics/btaa813,publisher;repository,not_found
10.1109/sp40000.2020.00114,publisher;repository,publisher
10.1111/pcn.12944,publisher;repository,publisher
10.1016/j.ejor.2020.01.035,publisher;repository,publisher
10.3847/1538-4365/ab61f5,publisher;repository,publisher
10.1016/j.jacl.2020.03.001,publisher;repository,publisher
10.3390/foods9040434,publisher;repository,not_found
10.1016/j.meatsci.2020.108190,publisher;repository,publisher
10.1021/acs.nanolett.9b04998,publisher;repository,publisher
10.7554/elife.55813,publisher;repository,publisher
10.3389/fmicb.2020.01637,publisher;repository,not_found
10.15585/mmwr.mm6927a2,publisher;repository,not_found
10.1074/jbc.rev120.013531,publisher;repository,publisher
10.1093/synbio/ysaa012,publisher;repository,publisher
10.1016/j.annonc.2020.08.2268,publisher;repository,publisher
10.1016/j.ijhydene.2020.08.259,publisher;repository,publisher
10.1007/s00267-020-01375-5,publisher;repository,publisher
10.1503/cmaj.202353,publisher;repository,not_found
10.1002/jev2.12037,publisher;repository,publisher
10.21809/rilemtechlett.2020.127,publisher;repository,not_found
10.1684/mrh.2021.0476,publisher;repository,publisher
10.12688/f1000research.26707.1,publisher;repository,not_found
10.1177/2515245920958687,publisher;repository,repository
10.1038/s41390-019-0490-9,publisher;repository,publisher
10.1002/humu.23899,publisher;repository,publisher
10.1094/phyto-04-19-0144-r,publisher;repository,publisher
10.1016/j.econlet.2019.108760,publisher;repository,publisher
10.1016/j.bbagrm.2020.194505,publisher;repository,publisher
10.1016/j.autcon.2020.103120,publisher;repository,publisher
10.1016/j.aca.2020.02.064,publisher;repository,publisher
10.1161/atvbaha.119.313698,publisher;repository,publisher
10.1210/clinem/dgaa160,publisher;repository,publisher
10.1136/jitc-2019-000394,publisher;repository,not_found
10.1186/s40323-020-00153-6,publisher;repository,publisher
10.1016/j.ecoser.2020.101120,publisher;repository,publisher
10.1038/s41379-020-0540-1,publisher;repository,not_found
10.1007/978-3-030-49161-1_17,publisher;repository,publisher
10.1515/cclm-2020-0612,publisher;repository,publisher
10.1099/ijsem.0.004306,publisher;repository,publisher
10.1136/bmjhci-2020-100183,publisher;repository,not_found
10.1148/radiol.2020192234,publisher;repository,publisher
10.1038/s41467-020-17731-2,publisher;repository,publisher
10.1152/ajpcell.00340.2020,publisher;repository,publisher
10.3389/fmats.2020.00215,publisher;repository,publisher
10.3233/jad-201029,publisher;repository,publisher
10.1099/ijsem.0.004501,publisher;repository,publisher
10.1136/jitc-2020-001153,publisher;repository,publisher
10.1109/access.2020.3033828,publisher;repository,publisher
10.18653/v1/2020.coling-main.609,publisher;repository,not_found
10.1016/j.arabjc.2018.03.013,publisher;repository,publisher
10.1038/s41436-019-0639-2,publisher;repository,publisher
10.1016/j.hpb.2019.08.005,publisher;repository,publisher
10.1111/exd.14047,publisher;repository,publisher
10.1016/j.buildenv.2019.106480,publisher;repository,publisher
10.1016/j.ijadhadh.2019.102499,publisher;repository,publisher
10.1016/j.ijantimicag.2019.10.015,publisher;repository,publisher
10.1109/access.2019.2960614,publisher;repository,publisher
10.3324/haematol.2019.236588,publisher;repository,publisher
10.1609/aaai.v34i05.6376,publisher;repository,not_found
10.1161/strokeaha.119.028718,publisher;repository,publisher
10.1007/s00226-020-01172-7,publisher;repository,publisher
10.1016/j.yexcr.2020.111959,publisher;repository,publisher
10.1590/1981-7746-sol00246,publisher;repository,not_found
10.1111/nph.16603,publisher;repository,closed
10.1002/batt.202000049,publisher;repository,publisher
10.1063/1.5134727,publisher;repository,publisher
10.1136/thoraxjnl-2020-214626,publisher;repository,publisher
10.1016/j.procir.2020.02.022,publisher;repository,publisher
10.1080/2162402x.2020.1777064,publisher;repository,publisher
10.1073/pnas.2004914117,publisher;repository,publisher
10.1007/s11104-020-04633-x,publisher;repository,publisher
10.3389/fcell.2020.00584,publisher;repository,publisher
10.1164/rccm.202005-1945le,publisher;repository,publisher
10.1093/sleep/zsaa125,publisher;repository,publisher
10.1007/s00281-020-00804-1,publisher;repository,publisher
10.1007/s00134-020-06199-9,publisher;repository,publisher
10.3748/wjg.v26.i29.4198,publisher;repository,publisher
10.1530/eje-20-0363,publisher;repository,publisher
10.1186/s13244-020-00899-y,publisher;repository,publisher
10.1093/jxb/eraa396,publisher;repository,publisher
10.1002/anie.202011480,publisher;repository,publisher
10.1038/s41467-020-19354-z,publisher;repository,publisher
10.1002/ange.202008700,publisher;repository,not_found
10.12688/wellcomeopenres.16291.1,publisher;repository,not_found
10.1515/cclm-2019-0235,publisher;repository,publisher
10.1016/j.jid.2019.07.716,publisher;repository,publisher
10.1016/j.jag.2019.101958,publisher;repository,publisher
10.1111/febs.15080,publisher;repository,publisher
10.1099/ijsem.0.003919,publisher;repository,publisher
10.1161/strokeaha.119.028154,publisher;repository,publisher
10.1609/aaai.v34i06.6542,publisher;repository,not_found
10.1016/j.jhydrol.2020.124625,publisher;repository,publisher
10.1016/j.cbi.2020.108974,publisher;repository,publisher
10.1098/rstb.2019.0661,publisher;repository,publisher
10.1016/j.ijfoodmicro.2020.108574,publisher;repository,publisher
10.1016/j.jcin.2020.01.231,publisher;repository,publisher
10.1002/art.41299,publisher;repository,publisher
10.1016/s2468-2667(20)30095-5,publisher;repository,repository
10.1161/circimaging.119.010356,publisher;repository,publisher
10.1007/s00134-020-06118-y,publisher;repository,publisher
10.1136/neurintsurg-2019-015508,publisher;repository,publisher
10.1016/j.sajb.2020.06.006,publisher;repository,publisher
10.5826/dpc.1003a33,publisher;repository,not_found
10.1038/s42003-020-01183-x,publisher;repository,publisher
10.4103/ijo.ijo_816_20,publisher;repository,publisher
10.1164/rccm.202005-1524le,publisher;repository,publisher
10.1016/j.cortex.2020.08.021,publisher;repository,publisher
10.3389/fcell.2020.594903,publisher;repository,publisher
10.1016/j.cmet.2020.02.012,publisher;repository,not_found
10.1016/j.spmi.2019.106377,publisher;repository,publisher
10.1016/j.molp.2019.12.010,publisher;repository,publisher
10.1016/j.jaci.2020.01.006,publisher;repository,publisher
10.1016/j.ecss.2020.106613,publisher;repository,publisher
10.1183/13993003.02340-2019,publisher;repository,publisher
10.1063/1.5140645,publisher;repository,publisher
10.1097/aln.0000000000003260,publisher;repository,publisher
10.1016/j.jhtm.2020.02.009,publisher;repository,publisher
10.14283/jfa.2020.18,publisher;repository,publisher
10.3324/haematol.2019.238766,publisher;repository,publisher
10.1182/blood.2019003062,publisher;repository,repository
10.1016/j.eja.2020.126076,publisher;repository,publisher
10.1158/2159-8290.cd-19-1436,publisher;repository,publisher
10.1038/s41385-020-0303-9,publisher;repository,publisher
10.1093/alcalc/agaa041,publisher;repository,publisher
10.1136/jitc-2020-000733,publisher;repository,not_found
10.1007/s12603-020-1440-2,publisher;repository,publisher
10.1016/j.ultsonch.2020.105255,publisher;repository,publisher
10.1038/s41436-020-0898-y,publisher;repository,publisher
10.1111/zsc.12426,publisher;repository,publisher
10.1007/s40261-020-00963-x,publisher;repository,publisher
10.1016/j.jhep.2020.08.028,publisher;repository,publisher
10.1126/sciadv.abc0402,publisher;repository,publisher
10.1364/ome.402974,publisher;repository,publisher
10.1182/blood.2020007975,publisher;repository,not_found
10.1051/0004-6361/201936152,publisher;repository,not_found
10.12688/wellcomeopenres.15881.1,publisher;repository,not_found
10.1016/j.neures.2019.03.003,publisher;repository,publisher
10.1016/j.jaip.2019.06.009,publisher;repository,publisher
10.1016/j.cmi.2019.08.007,publisher;repository,publisher
10.1016/j.ijpe.2019.08.007,publisher;repository,publisher
10.1111/cmi.13132,publisher;repository,publisher
10.5194/amt-13-4791-2020,publisher;repository,not_found
10.1016/bs.apcsb.2019.08.008,publisher;repository,publisher
10.1038/s41416-019-0643-y,publisher;repository,publisher
10.1016/j.solmat.2019.110320,publisher;repository,publisher
10.1111/brv.12576,publisher;repository,publisher
10.1016/j.foodchem.2020.126327,publisher;repository,publisher
10.2215/cjn.09000819,publisher;repository,repository
10.1007/s00167-020-05879-9,publisher;repository,publisher
10.1530/rep-19-0575,publisher;repository,publisher
10.1159/000506413,publisher;repository,publisher
10.1001/jamaoto.2019.4863,publisher;repository,publisher
10.1016/j.apsusc.2020.146156,publisher;repository,publisher
10.18814/epiiugs/2020/020051,publisher;repository,publisher
10.3390/ma13071634,publisher;repository,not_found
10.1016/j.watres.2020.115826,publisher;repository,publisher
10.1016/j.neuroimage.2020.116933,publisher;repository,publisher
10.1007/s10461-020-02929-8,publisher;repository,publisher
10.35833/mpce.2019.000141,publisher;repository,publisher
10.1016/j.matdes.2020.108842,publisher;repository,publisher
10.1016/j.ecolind.2020.106550,publisher;repository,publisher
10.1017/aog.2020.31,publisher;repository,not_found
10.1073/pnas.2003473117,publisher;repository,not_found
10.1016/j.jval.2019.11.009,publisher;repository,publisher
10.1016/j.ijid.2020.07.009,publisher;repository,publisher
10.1080/2162402x.2020.1792036,publisher;repository,publisher
10.1111/jth.15024,publisher;repository,publisher
10.1093/biosci/biaa067,publisher;repository,not_found
10.1182/bloodadvances.2020002097,publisher;repository,publisher
10.15585/mmwr.mm6940a2,publisher;repository,not_found
10.1016/j.jgar.2020.10.016,publisher;repository,publisher
10.1080/2162402x.2020.1846901,publisher;repository,publisher
10.1051/0004-6361/202039046,publisher;repository,not_found
10.1186/s13287-020-02057-z,publisher;repository,publisher
10.1017/s0033291719002629,publisher;repository,not_found
10.1097/qad.0000000000002397,publisher;repository,publisher
10.1016/j.memsci.2019.117597,publisher;repository,publisher
10.1016/j.ijfoodmicro.2019.108441,publisher;repository,publisher
10.1016/j.acvd.2019.10.005,publisher;repository,publisher
10.1016/j.agee.2020.106878,publisher;repository,publisher
10.1111/eva.12944,publisher;repository,not_found
10.1016/j.eij.2020.02.003,publisher;repository,publisher
10.1016/j.foodqual.2020.103937,publisher;repository,publisher
10.1016/j.istruc.2020.03.015,publisher;repository,publisher
10.1007/s11695-020-04539-8,publisher;repository,publisher
10.1016/j.foodhyd.2020.105919,publisher;repository,publisher
10.1039/d0nr00761g,publisher;repository,publisher
10.1183/13993003.00673-2020,publisher;repository,publisher
10.1016/j.cemconres.2020.106086,publisher;repository,publisher
10.1016/j.compstruct.2020.112548,publisher;repository,publisher
10.1182/blood.2020005687,publisher;repository,publisher
10.1016/j.sysarc.2020.101804,publisher;repository,publisher
10.1016/j.cemconres.2020.106126,publisher;repository,publisher
10.1002/ejhf.1869,publisher;repository,repository
10.3389/fimmu.2020.01714,publisher;repository,publisher
10.3389/fpsyt.2020.00641,publisher;repository,not_found
10.5194/isprs-archives-xliii-b2-2020-1419-2020,publisher;repository,publisher
10.1136/annrheumdis-2020-218456,publisher;repository,publisher
10.1186/s13613-020-00760-x,publisher;repository,publisher
10.3390/polysaccharides1010005,publisher;repository,publisher
10.1016/j.egyr.2020.11.252,publisher;repository,publisher
10.1016/j.geomorph.2018.09.018,publisher;repository,publisher
10.1111/tpj.14551,publisher;repository,publisher
10.1016/j.coche.2019.10.003,publisher;repository,publisher
10.1017/s0959270919000479,publisher;repository,publisher
10.1016/j.cmi.2019.12.013,publisher;repository,publisher
10.3324/haematol.2019.237990,publisher;repository,publisher
10.1093/sleep/zsaa009,publisher;repository,publisher
10.1016/j.biochi.2020.01.013,publisher;repository,publisher
10.1212/wnl.0000000000009180,publisher;repository,publisher
10.3390/cancers12020495,publisher;repository,not_found
10.1093/cercor/bhaa017,publisher;repository,publisher
10.1172/jci.insight.131552,publisher;repository,not_found
10.1016/j.catena.2020.104542,publisher;repository,publisher
10.1111/tpj.14753,publisher;repository,publisher
10.1016/j.onehlt.2020.100131,publisher;repository,repository
10.1016/j.nfs.2020.05.001,publisher;repository,publisher
10.1016/j.cmpb.2020.105566,publisher;repository,publisher
10.1007/s00122-020-03627-8,publisher;repository,publisher
10.1016/j.diii.2020.05.002,publisher;repository,publisher
10.1016/j.psychres.2020.113205,publisher;repository,repository
10.1111/nph.16759,publisher;repository,publisher
10.1017/hpl.2020.23,publisher;repository,not_found
10.1002/term.3097,publisher;repository,publisher
10.1016/j.ibusrev.2020.101737,publisher;repository,repository
10.3389/fnins.2020.00865,publisher;repository,publisher
10.1016/j.gde.2020.06.013,publisher;repository,publisher
10.1038/s41467-020-18691-3,publisher;repository,publisher
10.3389/fevo.2020.548660,publisher;repository,publisher
10.4018/jgim.2020100103,publisher;repository,publisher
10.1007/s00383-020-04759-0,publisher;repository,publisher
10.1136/jitc-2020-001439,publisher;repository,not_found
10.1039/d0ra06700h,publisher;repository,publisher
10.1109/tste.2019.2892603,publisher;repository,publisher
10.1111/cmi.13124,publisher;repository,publisher
10.1016/j.apcatb.2019.118356,publisher;repository,not_found
10.1152/ajplung.00084.2019,publisher;repository,publisher
10.1016/j.ijbiomac.2019.10.074,publisher;repository,publisher
10.1016/j.pss.2019.104808,publisher;repository,publisher
10.1016/j.jcis.2019.12.007,publisher;repository,repository
10.1016/j.jmrt.2019.11.072,publisher;repository,publisher
10.1002/bjs.11457,publisher;repository,publisher
10.1021/acs.macromol.9b00705,publisher;repository,publisher
10.1080/19475683.2020.1714727,publisher;repository,publisher
10.1002/jbmr.3992,publisher;repository,publisher
10.1016/j.ijhydene.2020.02.085,publisher;repository,publisher
10.1007/s42452-020-2388-x,publisher;repository,publisher
10.3389/fenvs.2020.00028,publisher;repository,publisher
10.14283/jpad.2020.17,publisher;repository,publisher
10.1371/journal.pone.0230996,publisher;repository,not_found
10.1016/j.meegid.2020.104309,publisher;repository,publisher
10.1016/j.engstruct.2020.110594,publisher;repository,publisher
10.1182/blood.2020004853,publisher;repository,publisher
10.1016/j.annonc.2020.03.308,publisher;repository,repository
10.1016/j.chemosphere.2020.126793,publisher;repository,publisher
10.3390/beverages6020025,publisher;repository,not_found
10.1016/j.accpm.2020.04.008,publisher;repository,repository
10.1109/access.2020.2990439,publisher;repository,publisher
10.1016/j.jcis.2020.04.129,publisher;repository,publisher
10.1371/journal.pone.0232990,publisher;repository,not_found
10.1016/j.agrformet.2020.108022,publisher;repository,publisher
10.1109/access.2020.2996778,publisher;repository,not_found
10.1016/j.cej.2020.125534,publisher;repository,publisher
10.1016/j.euroneuro.2020.04.006,publisher;repository,publisher
10.1016/j.agsy.2020.102875,publisher;repository,publisher
10.1039/d0ra03027a,publisher;repository,publisher
10.3389/fsufs.2020.00071,publisher;repository,publisher
10.1016/j.ejogrb.2020.06.002,publisher;repository,repository
10.1016/j.oraloncology.2020.104848,publisher;repository,publisher
10.1021/acs.jpcb.0c03876,publisher;repository,publisher
10.1161/strokeaha.120.029395,publisher;repository,publisher
10.15607/rss.2020.xvi.041,publisher;repository,not_found
10.1039/d0ma00370k,publisher;repository,publisher
10.1001/jamacardio.2020.2981,publisher;repository,publisher
10.1017/s136898002000227x,publisher;repository,publisher
10.1136/openhrt-2020-001326,publisher;repository,publisher
10.1007/s00134-020-06206-z,publisher;repository,publisher
10.1016/j.bbadis.2020.165919,publisher;repository,publisher
10.1038/s41598-020-69032-9,publisher;repository,publisher
10.1038/s41598-020-72548-9,publisher;repository,publisher
10.1080/19475411.2020.1830196,publisher;repository,publisher
10.1016/j.beem.2020.101473,publisher;repository,publisher
10.1161/strokeaha.120.030038,publisher;repository,publisher
10.1007/s10657-020-09675-1,publisher;repository,publisher
10.1021/acsami.0c13092,publisher;repository,repository
10.1161/circulationaha.120.051532,publisher;repository,publisher
10.1038/s41524-020-00456-7,publisher;repository,not_found
10.1016/j.triboint.2019.01.028,publisher;repository,publisher
10.1016/j.schres.2019.07.007,publisher;repository,publisher
10.1094/pdis-04-19-0685-re,publisher;repository,publisher
10.1094/mpmi-05-19-0142-r,publisher;repository,publisher
10.1111/nph.16224,publisher;repository,publisher
10.1159/000497614,publisher;repository,publisher
10.1016/j.rse.2019.111424,publisher;repository,publisher
10.1161/circulationaha.119.042706,publisher;repository,publisher
10.1096/fj.201902514r,publisher;repository,publisher
10.1109/access.2019.2963693,publisher;repository,publisher
10.1016/j.diii.2019.12.009,publisher;repository,publisher
10.1099/ijsem.0.003963,publisher;repository,publisher
10.1016/j.soilbio.2020.107730,publisher;repository,publisher
10.1016/j.ribaf.2019.101113,publisher;repository,publisher
10.1016/j.cryogenics.2020.103053,publisher;repository,publisher
10.1093/eurpub/ckz212,publisher;repository,not_found
10.1016/j.oceaneng.2020.107018,publisher;repository,publisher
10.1016/j.jtho.2020.03.005,publisher;repository,publisher
10.1016/j.chemosphere.2020.126525,publisher;repository,publisher
10.1016/j.clinre.2020.02.008,publisher;repository,publisher
10.1016/j.semcdb.2020.03.003,publisher;repository,publisher
10.1016/j.tecto.2020.228440,publisher;repository,publisher
10.1073/pnas.1913970117,publisher;repository,not_found
10.1210/clinem/dgaa243,publisher;repository,publisher
10.3174/ajnr.a6484,publisher;repository,not_found
10.1016/j.mayocp.2020.05.005,publisher;repository,repository
10.1111/ajt.15994,publisher;repository,publisher
10.1016/j.ajhg.2020.05.008,publisher;repository,publisher
10.1161/jaha.119.015009,publisher;repository,publisher
10.1161/circgen.119.002744,publisher;repository,publisher
10.1016/j.clindermatol.2020.06.005,publisher;repository,repository
10.1038/s41386-020-0758-0,publisher;repository,publisher
10.1161/circinterventions.119.008481,publisher;repository,publisher
10.1109/access.2020.3016653,publisher;repository,publisher
10.1007/s12250-020-00279-2,publisher;repository,publisher
10.1093/icesjms/fsaa142,publisher;repository,publisher
10.1016/j.mtener.2020.100532,publisher;repository,publisher
10.1038/s41598-020-76180-5,publisher;repository,publisher
10.1093/ehjdh/ztaa004,publisher;repository,not_found
10.1186/s13613-020-00783-4,publisher;repository,publisher
10.1002/ange.202005378,publisher;repository,not_found
10.1016/j.ijhydene.2019.05.143,publisher;repository,publisher
10.1111/nph.15987,publisher;repository,publisher
10.1007/s10877-019-00357-1,publisher;repository,publisher
10.1094/pdis-06-19-1252-re,publisher;repository,publisher
10.1373/clinchem.2019.310912,publisher;repository,publisher
10.1016/j.ejpe.2019.09.003,publisher;repository,publisher
10.1016/j.rehab.2019.10.009,publisher;repository,publisher
10.1016/j.cub.2019.11.066,publisher;repository,publisher
10.1016/j.ress.2020.106798,publisher;repository,publisher
10.5802/ahl.29,publisher;repository,not_found
10.1016/j.envres.2020.109194,publisher;repository,publisher
10.1016/j.catena.2020.104452,publisher;repository,publisher
10.1016/j.vibspec.2020.103040,publisher;repository,publisher
10.1017/s0031182020000426,publisher;repository,not_found
10.1063/1.5142841,publisher;repository,not_found
10.1111/gcb.15085,publisher;repository,publisher
10.1016/j.conbuildmat.2020.118217,publisher;repository,publisher
10.1016/j.devcel.2020.03.015,publisher;repository,publisher
10.1017/s0029665120000129,publisher;repository,publisher
10.1002/stco.202000016,publisher;repository,not_found
10.1016/j.ecoenv.2020.110606,publisher;repository,publisher
10.1002/ecy.3088,publisher;repository,publisher
10.1016/j.lwt.2020.109437,publisher;repository,publisher
10.1063/5.0004025,publisher;repository,publisher
10.1073/pnas.1918196117,publisher;repository,repository
10.1113/jp279694,publisher;repository,publisher
10.3389/fimmu.2020.01341,publisher;repository,publisher
10.1111/hae.14036,publisher;repository,publisher
10.1016/j.materresbull.2020.110973,publisher;repository,publisher
10.1016/j.jmps.2020.104067,publisher;repository,publisher
10.1161/circulationaha.120.046774,publisher;repository,publisher
10.1016/j.chest.2020.02.033,publisher;repository,publisher
10.3390/app10144755,publisher;repository,publisher
10.3389/fneur.2020.00829,publisher;repository,publisher
10.1109/access.2020.3012657,publisher;repository,publisher
10.1136/bmjgh-2020-002694,publisher;repository,not_found
10.1186/s40104-020-00490-x,publisher;repository,publisher
10.1287/mksc.2018.1128,closed,not_found
10.1016/j.ins.2019.07.055,closed,repository
10.17605/osf.io/ckgyf,closed,not_found
10.1002/9780470753002.ch12,closed,not_found
10.1128/aac.02231-19,closed,repository
10.1111/tops.12372,closed,repository
10.1158/1078-0432.ccr-20-1587,closed,repository
10.1128/aac.02033-19,closed,repository
10.1158/1078-0432.ccr-19-2335,closed,repository
10.1073/pnas.2016589117,closed,repository
10.4324/9781351042543,closed,not_found
10.1093/aob/mcz184,closed,repository
10.1016/j.cgh.2019.03.045,closed,repository
10.1016/j.cgh.2019.05.003,closed,repository
10.1093/europace/euz257,closed,publisher
10.1128/aem.00227-20,closed,repository
10.1096/fj.202000031rr,closed,publisher
10.1007/s13197-019-04226-2,closed,repository
10.2307/j.ctv1q26j9f,closed,not_found
10.1128/aac.02510-19,closed,repository
10.1073/pnas.2015095117,closed,repository
10.1158/0008-5472.can-19-1340,closed,repository
10.3233/shti200154,closed,not_found
10.1002/mgg3.1375,closed,repository
10.5281/zenodo.3779288,closed,not_found
10.1080/09593330.2019.1579869,closed,repository
10.1007/s12274-020-2633-z,closed,repository
10.1128/jvi.00289-20,closed,repository
10.14674/ijfs-1648,closed,not_found
10.1088/issn.1757-899x,closed,not_found
10.1128/mbio.00882-20,closed,repository
10.1080/09654313.2019.1623975,closed,repository
10.1093/hepl/9780198737391.001.0001,closed,not_found
10.1049/iet-est.2019.0018,closed,publisher
10.1016/j.resuscitation.2020.02.023,closed,repository
10.4337/9781839102370,closed,not_found
10.1007/s12195-020-00614-3,closed,repository
10.1063/5.0016052,closed,repository
10.2139/ssrn.3611587,closed,not_found
10.1002/elan.201900648,closed,repository
10.1002/9781119587422,closed,not_found
10.1002/ejoc.202000794,closed,repository
10.1128/msystems.00542-20,closed,repository
10.14670/hh-18-184,closed,not_found
10.14722/ndss.2020.23xxx,closed,not_found
10.1007/s10815-020-01861-z,closed,repository
10.1080/14728214.2020.1836156,closed,repository
10.1016/j.jre.2020.12.002,closed,publisher
10.1002/ange.202011120,closed,not_found
10.56899/149.3a.06,closed,not_found
10.3324/haematol.2019.230276,closed,repository
10.15252/embj.2020104997,closed,repository
10.3389/fneur.2020.00603,closed,not_found
10.3233/shti200288,closed,not_found
10.12890/2020_001822,closed,not_found
10.1016/j.jnnfm.2020.104392,closed,repository
10.34768/amcs-2020-0040,closed,not_found
10.22088/cjim.11.0.566,closed,not_found
10.1007/978-3-031-22912-1_26,closed,not_found
10.1128/aem.00526-20,closed,repository
10.1016/j.socscimed.2020.113060,closed,repository
10.4018/ijitwe.2020070103,closed,not_found
10.1634/theoncologist.2019-0894,closed,repository
10.48550/arxiv.2009.00042,closed,not_found
10.1007/s00498-023-00354-5,closed,not_found
10.1007/978-3-030-57054-5_14,closed,not_found
10.1002/ange.202005377,closed,not_found
10.1093/hepl/9780198737391.003.0001,closed,not_found
10.3917/gen.118.0063,closed,not_found
10.1002/ird.2241,closed,publisher
10.1007/s40653-019-00269-x,closed,repository
10.1128/jvi.01504-19,closed,repository
10.18637/jss.v106.i06,closed,not_found
10.21873/anticanres.14048,closed,publisher
10.1007/978-3-030-38419-7_9,closed,not_found
10.1109/infocom41043.2020.9155387,closed,repository
10.1128/jcm.00647-20,closed,repository
10.1109/melecon48756.2020.9140617,closed,repository
10.11909/j.issn.1671-5411.2020.07.004,closed,not_found
10.1080/00318884.2020.1795962,closed,repository
10.1101/2020.04.14.040204,closed,not_found
10.1109/ieeeconf35879.2020.9329452,closed,not_found
10.7765/9781526144409.00011,closed,not_found
10.1051/978-2-7598-1085-7,closed,not_found
10.1080/21645515.2019.1667728,closed,repository
10.1111/cei.13412,closed,repository
10.1128/aem.02061-19,closed,repository
10.3917/qdm.202.0107,closed,not_found
10.2307/j.ctv19m64tg.20,closed,not_found
10.1684/hpg.2019.1898,closed,not_found
10.4230/lipics.icdt.2020.5,closed,not_found
10.23638/lmcs-17(1:11)2021,closed,not_found
10.13016/m2sfov-uo4v,closed,not_found
10.1080/21650373.2020.1764877,closed,repository
10.1093/hepl/9780198737391.003.0004,closed,not_found
10.3233/shti200247,closed,not_found
10.2139/ssrn.3560611,closed,not_found
10.4230/lipics.icalp.2020.3,closed,not_found
10.3233/shti200584,closed,not_found
10.3389/fpsyt.2020.00680,closed,not_found
10.3917/zil.007.0492,closed,not_found
10.13107/jocr.2020.v10.i02.1680,closed,not_found
10.1016/j.rbms.2020.09.001,closed,repository
10.3760/cma.j.cn112142-20200220-00093,closed,not_found
10.1002/dac.4637,closed,not_found
10.1103/physrevfluids.5.093603,closed,repository
10.1201/9781003078548-48,closed,not_found
10.1109/bcca50787.2020.9274084,closed,not_found
10.3917/scpo.mossu.2020.01,closed,not_found
10.3917/recma.358.0023,closed,not_found
10.1109/globecom42002.2020.9322191,closed,not_found
10.1684/ipe.2020.2128,closed,not_found
10.4000/etudesrurales.24043,closed,not_found
10.4103/pm.pm_24_20,closed,not_found
10.1515/9783110641288-006,closed,not_found
10.1007/978-3-030-46455-4_200,closed,not_found
10.3917/dec.cauchi.2020.01,closed,not_found
10.1515/9783110600124,closed,not_found
10.22271/ijmrd,closed,not_found
10.31857/s0044451020080064,closed,not_found
10.1002/9781119193814,closed,not_found
10.4324/9781003087014-8,closed,not_found
10.7551/mitpress/11442.003.0058,closed,not_found
10.1002/9781119694892,closed,not_found
10.1007/978-981-13-5744-2_26-1,closed,not_found
10.22038/ijbms.2020.39979.9475,closed,not_found
10.1016/j.micinf.2019.12.003,closed,repository
10.22037/ijpr.2019.15197.12938,closed,not_found
10.1007/s10909-020-02385-7,closed,repository
10.3967/bes2020.004,closed,not_found
10.21873/anticanres.14103,closed,publisher
10.4081/ejtm.2019.8904,closed,not_found
10.22038/ijbms.2020.37947.9021,closed,not_found
10.1002/ange.201904314,closed,not_found
10.2139/ssrn.3548138,closed,not_found
10.4324/9781351058759-22,closed,not_found
10.1145/3388831.3388841,closed,not_found
10.1007/978-3-030-45691-7_40,closed,not_found
10.3166/lcn.16.1.105-134,closed,not_found
10.1201/b22619-274,closed,not_found
10.3233/shti200184,closed,not_found
10.3233/shti200114,closed,not_found
10.3233/shti200164,closed,not_found
10.3233/shti200369,closed,not_found
10.3233/shti200375,closed,not_found
10.3233/shti200219,closed,not_found
10.3233/shti200220,closed,not_found
10.1109/ieeeconf35879.2020.9329573,closed,not_found
10.23919/eucap48036.2020.9135491,closed,not_found
10.3791/60990,closed,repository
10.23919/ecc51009.2020.9143668,closed,not_found
10.11604/pamj.supp.2020.35.130.25288,closed,not_found
10.1201/9781003072812-7,closed,not_found
10.51257/a-v1-bm7930,closed,not_found
10.1007/978-3-030-52044-1_6,closed,not_found
10.6092/issn.1971-8853/11286,closed,not_found
10.23756/sp.v8i1.493,closed,not_found
10.36141/svdld.v37i1.8271,closed,not_found
10.4324/9780429440311-17,closed,not_found
10.1136/rmdopen-2020-001286,closed,not_found
10.3917/jges.203.0123,closed,not_found
10.4337/9781789906516.00020,closed,not_found
10.1515/9781501510151-007,closed,not_found
10.1109/cdc42340.2020.9304305,closed,repository
10.6092/issn.2240-2829/12160,closed,not_found
10.2139/ssrn.3403492,closed,not_found
10.3166/rfg.2020.00473,closed,not_found
10.14220/9783737011556,closed,not_found
10.24033/msmf.475,closed,not_found
10.26151/espacestemps.net-k2p5-kq19,closed,not_found
10.1484/m.jp-eb.5.120810,closed,not_found
10.17184/eac.9782813003577,closed,not_found
10.3917/dec.senik.2020.01.0191,closed,not_found
10.1393/ncc/i2021-21069-6,closed,not_found
10.5281/zenodo.4139005,closed,not_found
10.4000/tc.13293,closed,not_found
10.5876/9781646420735,closed,not_found
10.21203/rs.3.rs-22490/v1,closed,not_found
10.1515/9783110680522,closed,not_found
10.21203/rs.2.22869/v1,closed,not_found
10.3917/eres.remy.2020.01.0435,closed,not_found
10.5281/zenodo.3686810,closed,not_found
10.4473/tpm27.4.3,closed,not_found
10.34343/ijpest.2020.14.e01002,closed,not_found
10.14375/np.9782340020443,closed,not_found
10.5281/zenodo.7100601,closed,not_found
10.26355/mhd_20207_333,closed,not_found
10.13154/tosc.v2020.is1.31-59,closed,not_found
10.14601/phyto-11169,closed,not_found
10.15122/isbn.978-2-406-10602-9.p.0019,closed,not_found
10.1051/978-2-7598-2038-2.c023,closed,not_found
10.1201/9781003079491-7,closed,not_found
10.1163/2467-9666_enbo_com_0056,closed,not_found
10.1051/978-2-7598-0928-8,closed,not_found
10.1049/pbcs077g_ch1,closed,not_found
10.1051/978-2-7598-1064-2-024,closed,not_found
10.51257/a-v3-be8040,closed,not_found
10.1201/9781003077510-108,closed,not_found
10.1201/9781003078784-52,closed,not_found
10.5040/9781350024960.0020,closed,not_found
10.1515/9780824880248-004,closed,not_found
10.3917/ems.loili.2020.01,closed,not_found
10.1051/978-2-7598-2102-0,closed,not_found
10.15122/isbn.978-2-406-10393-6.p.0259,closed,not_found
10.22038/ijmp.2019.37195.1471,closed,not_found
10.1515/9783110621730-006,closed,not_found
10.15122/isbn.978-2-406-10004-1.p.0295,closed,not_found
10.26868/25222708.2019.211070,closed,not_found
10.1051/978-2-7598-0309-5,closed,not_found
10.15122/isbn.978-2-406-11263-1.p.0183,closed,not_found
10.3166/gfp.2020.2.004,closed,not_found
10.4000/books.editionsmsh.30153,closed,not_found
10.4018/jgim.2020040106,closed,publisher
10.4134/jkms.j180796,closed,not_found
10.4230/lipics.stacs.2020.24,closed,not_found
10.1504/ijes.2020.10029271,closed,not_found
10.17169/fqs-21.1.3212,closed,not_found
10.4000/books.septentrion.77966,closed,repository
10.1007/s11158-020-09450-8,closed,repository
10.22037/ijpr.2020.1100933,closed,not_found
10.1504/ijesb.2022.124460,closed,not_found
10.13136/2284-2667/943,closed,not_found
10.34745/numerev_1309,closed,not_found
10.34745/numerev_1305,closed,not_found
10.3233/faia200316,closed,not_found
10.21942/uva.c.4860684.v1,closed,not_found
10.15122/isbn.978-2-406-10071-3.p.0159,closed,not_found
10.15122/isbn.978-2-406-10053-9.p.0213,closed,not_found
10.1684/ipe.2019.2049,closed,not_found
10.15122/isbn.978-2-406-10071-3.p.0175,closed,not_found
10.1016/s0735-1097(20)32487-6,closed,not_found
10.1017/9781108654418.001,closed,not_found
10.15454/7wxe-yv47,closed,not_found
10.1103/physrevapplied.13.0640,closed,not_found
10.4230/lipics.socg.2020.49,closed,not_found
10.3917/sh.holei.2020.01.0253,closed,not_found
10.22034/iji.2020.80292,closed,not_found
10.1504/jibed.2020.10027898,closed,not_found
10.4230/lipics.stacs.2020.18,closed,not_found
10.1684/ejd.2020.3703,closed,not_found
10.1504/ijgw.2020.10028203,closed,not_found
10.4314/jfas.v12i1.3,closed,not_found
10.1684/hpg.2020.1932,closed,not_found
10.1684/ejd.2020.3705,closed,not_found
10.1684/ejd.2020.3736,closed,not_found
10.15122/isbn.978-2-406-10516-9.p.0111,closed,not_found
10.15122/isbn.978-2-406-09404-3,closed,not_found
10.1016/j.sagf.2020.01.012,closed,not_found
10.1093/hepl/9780198737391.003.0012,closed,not_found
10.12890/2020_001332,closed,not_found
10.1684/ipe.2020.2078,closed,not_found
10.5281/zenodo.3784110,closed,not_found
10.5281/zenodo.3783990,closed,not_found
10.15122/isbn.978-2-406-10048-5,closed,not_found
10.4000/mediterranee.11732,closed,not_found
10.17879/freeneuropathology-2020-2749,closed,not_found
10.6092/issn.1561-8048/10782,closed,not_found
10.24425/bpasts.2020.133118,closed,not_found
10.3850/978-981-14-8593-0_4138-cd,closed,not_found
10.1684/ipe.2020.2076,closed,not_found
10.2307/j.ctvzgb8n3.14,closed,not_found
10.2307/j.ctvzgb8n3.16,closed,not_found
10.15122/isbn.978-2-406-10045-4,closed,not_found
10.5282/ubm/epub.73290,closed,not_found
